景区名称 ,舒适指数 ,发布时间 ,
水关长城 ,5,2017/06/26 10:24:00,
陶然亭景区 ,5,2017/06/26 10:24:00,
紫竹院公园 ,5,2017/06/26 10:24:00,
什刹海 ,5,2017/06/26 10:24:00,
凤凰岭自然风景区 ,5,2017/06/26 10:24:00,
北宫森林公园 ,5,2017/06/26 10:24:00,
慕田峪长城 ,5,2017/06/26 10:24:00,
十三陵 ,5,2017/06/26 10:24:00,
圆明园遗址公园 ,5,2017/06/26 10:24:00,
世界花卉大观园 ,5,2017/06/26 10:24:00,
景山公园 ,5,2017/06/26 10:24:00,
地坛公园 ,5,2017/06/26 10:24:00,
中山公园 ,5,2017/06/26 10:24:00,
北京欢乐谷 ,5,2017/06/26 10:24:00,
八大处 ,4,2017/06/26 10:24:00,
国家游泳中心 ,5,2017/06/26 10:24:00,
颐和园 ,5,2017/06/26 10:24:00,
龙庆峡 ,4,2017/06/26 10:24:00,
龙潭湖公园 ,5,2017/06/26 10:24:00,
北京海洋馆 ,4,2017/06/26 10:24:00,
红螺寺 ,5,2017/06/26 10:24:00,
奥林匹克森林公园 ,5,2017/06/26 10:24:00,
动物园 ,5,2017/06/26 10:24:00,
潭柘寺 ,5,2017/06/26 10:24:00,
玉渊潭公园 ,5,2017/06/26 10:24:00,
朝阳公园 ,5,2017/06/26 10:24:00,
居庸关 ,5,2017/06/26 10:24:00,
石景山游乐园 ,5,2017/06/26 10:24:00,
世界公园 ,5,2017/06/26 10:24:00,
国家体育场 ,5,2017/06/26 10:24:00,
大观园公园 ,5,2017/06/26 10:24:00,
北海公园 ,5,2017/06/26 10:24:00,
恭王府 ,5,2017/06/26 10:24:00,
雁栖湖 ,5,2017/06/26 10:24:00,
天坛公园 ,5,2017/06/26 10:24:00,
雍和宫 ,5,2017/06/26 10:24:00,
香山、植物园 ,5,2017/06/26 10:24:00,
云居寺 ,5,2017/06/26 10:24:00,
八达岭 ,4,2017/06/26 10:24:00,
故宫 ,5,2017/06/26 10:24:00,
